{"name":"comidaTipo","identifier":"F6LBZQDWLQ","description":null,"slotTypeValues":[{"synonyms":null,"sampleValue":{"value":"Alambre vegetariano"}},{"synonyms":null,"sampleValue":{"value":"Costra pastor"}},{"synonyms":null,"sampleValue":{"value":"Volcan pastor"}},{"synonyms":null,"sampleValue":{"value":"Torta pastor"}},{"synonyms":null,"sampleValue":{"value":"Alambre pechuga "}},{"synonyms":null,"sampleValue":{"value":"Alambre bistec"}},{"synonyms":null,"sampleValue":{"value":"Alambre chuleta"}},{"synonyms":null,"sampleValue":{"value":"Alambre costilla"}},{"synonyms":null,"sampleValue":{"value":"Alambre arrachera"}},{"synonyms":null,"sampleValue":{"value":"Costra pechuga"}},{"synonyms":null,"sampleValue":{"value":"Costra bistec"}},{"synonyms":null,"sampleValue":{"value":"Volcan pechuga"}},{"synonyms":null,"sampleValue":{"value":"Volcan bistec"}},{"synonyms":null,"sampleValue":{"value":"Torta maciza"}},{"synonyms":null,"sampleValue":{"value":"Torta suadero"}},{"synonyms":null,"sampleValue":{"value":"Torta longaniza"}},{"synonyms":null,"sampleValue":{"value":"Torta pechuga"}},{"synonyms":null,"sampleValue":{"value":"Torta bistec "}},{"synonyms":null,"sampleValue":{"value":"Torta chuleta"}},{"synonyms":null,"sampleValue":{"value":"Ninguna"}}],"parentSlotTypeSignature":null,"valueSelectionSetting":{"regexFilter":null,"resolutionStrategy":"ORIGINAL_VALUE"}}