{"name":"tipoBebida","identifier":"0VIET1JIIL","description":null,"slotTypeValues":[{"synonyms":null,"sampleValue":{"value":"Refrescos"}},{"synonyms":null,"sampleValue":{"value":"Agua natural"}},{"synonyms":null,"sampleValue":{"value":"Agua de jamaica"}},{"synonyms":null,"sampleValue":{"value":"Agua de horchata"}},{"synonyms":null,"sampleValue":{"value":"Cerveza botella"}},{"synonyms":null,"sampleValue":{"value":"Cerveza barril"}},{"synonyms":null,"sampleValue":{"value":"Cerveza litro "}},{"synonyms":null,"sampleValue":{"value":"Michelada 1L"}},{"synonyms":null,"sampleValue":{"value":"Michelato 1L"}}],"parentSlotTypeSignature":null,"valueSelectionSetting":{"regexFilter":null,"resolutionStrategy":"ORIGINAL_VALUE"}}